{"אילת 311": ["אילות", "אילת"], "אשדוד 266": ["גאליה", "יבנה", "כפר הנגיד"], "אשדוד 267": ["בית גמליאל", "בית רבן", "בן זכאי", "בניה", "כפר אביב", "כפר מרדכי", "כרם יבנה", "מישר", "משגב דב", "עשרת", "צופיה", "קבוצת יבנה", "שדמה"], "אשדוד 268": ["בית אלעזרי", "בית חלקיה", "בני ראם", "ברורים", "גדרה", "גני טל", "חפץ חיים", "יד בנימין", "קדרון", "רבדים"], "אשדוד 271": ["אשדוד", "בני דרום", "נווה הרצוג", "ניר גלים", "עד הלום"], "אשדוד 272": ["אמונים", "בית עזרא", "גבעתי", "עזר", "עזריקם", "שדה עוזיהו", "שתולים"], "אשדוד 273": ["ביצרון", "בני עי''ש", "גן הדרום", "גן יבנה", "חצב", "חצור אשדוד", "כנות", "נווה מבטח"], "אשדוד 275": ["אביגדור", "אורות", "אחווה", "אל עזי", "באר טוביה", "ינון", "כפר אחים", "כפר הרי''ף", "כפר ורבורג", "כפר מנחם", "ערוגות", "קרית מלאכי", "תימורים", "תלמי יחיאל"], "אשדוד 276": ["מרכז שפירא", "משואות יצחק", "עין צורים", "שפיר"], "אשדוד 278": ["גבעת ישעיהו", "גפן", "זכריה", "כפר זוהרים", "לוזית", "נחושה", "עגור", "צפרירים", "שדות מיכה", "שריגים", "תירוש"], "אשדוד 280": ["אלומה", "ורדון", "זבדיאל", "זרחיה", "מנוחה", "נחלה", "ניר בנים", "סגולה", "קדמה", "קוממיות", "רווחה"], "אשדוד 281": ["אבן שמואל", "אחוזם", "איתן", "גת", "מבחור", "נועם", "עוזה", "קרית גת", "שדה משה", "שלווה"], "אשדוד 282": ["בית גוברין", "בית ניר", "גלאון", "לכיש"], "אשקלון 234": ["אוהד", "צוחר", "שדה ניצן", "תלמי אליהו"], "אשקלון 238": ["בני נצרים", "נווה", "שלומית"], "אשקלון 245": ["ניצן", "ניצן ב'", "ניצנים"], "אשקלון 246": ["אשקלון", "באר גנים"], "אשקלון 247": ["א.ת אשקלון"], "אשקלון 248": ["ברכיה", "הודיה", "כפר סילבר", "משען", "ניר ישראל"], "אשקלון 249": ["זוהר", "יד נתן", "כוכב מיכאל", "נגבה", "נהורה", "נוגה", "ניר ח''ן", "עוצם", "שדה יואב", "שחר"], "אשקלון 250": ["בית שיקמה", "בת הדר", "גיאה", "מבקיעים", "תלמי יפה"], "אשקלון 251": ["ברור חיל", "חלץ", "שדה דוד", "תלמים"], "אשקלון 252": ["דורות", "חוות שיקמים", "רוחמה"], "אשקלון 253": ["אשבול", "זרועה", "יושיביה", "מבועים", "ניר משה", "ניר עקיבא", "פעמי תש''ז", "קלחים", "שבי דרום", "שדה צבי", "תלמי ביל''ו"], "אשקלון 254": ["בית הגדי", "נתיבות", "קרית חינוך שדות נגב"], "אשקלון 255": ["ברוש", "גבעולים", "מלילות", "מעגלים", "שיבולים", "שרשרת", "תאשור", "תדהר"], "אשקלון 256": ["אורים", "פטיש"], "אשקלון 257": ["גבולות", "צאלים"], "באר שבע 285": ["אל בירה בהר חברון", "אמציה", "אשכולות", "בורג'", "בית א רוש אל פוקא", "בית מירסים", "בני דקלים", "כרם עמי", "כרמי קטיף", "נטע", "שומריה", "שקף"], "באר שבע 286": ["א זיאדנה דרומית לרהט", "א זיאדנה צפונית לרהט", "אל הייל", "אל חוקוק", "אל עתאיקה", "בית קמה", "גבעות בר", "דבירה", "הוזייל", "כפר נוער עדנים", "להב", "להבים", "מפעלי אבשלום", "משמר הנגב", "רהט", "שובל", "תראבין א צאנה"], "באר שבע 288": ["אופקים", "מסלול", "פדויים", "רנן"], "באר שבע 289": ["בטחה", "גילת", "תפרח"], "באר שבע 291": ["חצרים"], "באר שבע 292": ["באר שבע", "מסעודין אל עזאזמה"], "בית שמש 188": ["אביעזר", "אדרת", "אשתאול", "בית ג'מאל", "בית שמש", "בקוע", "גבעות עדן", "גבעת שמש", "גיזו", "דייר ראפאת", "הראל", "זנוח", "טל שחר", "ישעי", "כפר אוריה", "מחסיה", "מנזר לטרון", "מסילת ציון", "נווה מיכאל", "נווה שלום", "נחם", "נחשון", "נתיב הל''ה", "פארק צרעה", "צלפון", "צרעה", "רוגלית", "תעוז", "תרום"], "בית שמש 189": ["אבו גוש", "איתנים", "בית מאיר", "בר גיורא", "גבעת יערים", "יד השמונה", "ידידה", "כסלון", "מטע", "נווה אילן", "נטף", "נס הרים", "עין נקובא", "עין ראפה", "קרית יערים", "רמת רזיאל", "שואבה", "שורש"], "בית שמש 190": ["בידו", "בית זית", "בית נקופה", "בית סוריכ", "הר אדר", "מבשרת ציון", "מוצא עילית", "מעלה החמישה", "צובה", "קרית ענבים"], "בית שמש 191": ["אבן ספיר", "אורה", "מבוא ביתר", "עמינדב", "צור הדסה"], "בקעה 130": ["ארגמן", "בקעות", "ברדלה", "זובידאת", "ח'לת אל פולה", "חמדת", "חמרה", "מחולה", "מכורה", "מרג' נעג'ה", "משכיות", "עאטוף", "פארעה אל ג'פתלכ", "פרוש בית דג'ן", "רועי", "רותם", "שדמות מחולה", "תל א שמסיה", "תל אל בידה"], "בקעה 131": ["גיתית", "יפית", "משואה", "שלומציון"], "בקעה 132": ["גלגל", "דומא", "ייט''ב", "מוע'ייר", "מעלה אפרים", "נירן", "נעמי", "נתיב הגדוד", "עוג'א אתחתא", "עין מע'ר", "פסאיל", "פצאל", "תומר"], "בקעה 133": ["אלון", "אלמוג", "בית הערבה", "גבע בנימין", "ורד יריחו", "יריחו", "כוכב השחר", "כפר אדומים", "מבואות יריחו", "מעלה מכמש", "מצפה יריחו", "נועימה", "נועימה מחנה פליטים", "נח''ל אלישע", "עין א סולטאן מחנה פליטים", "עלמון", "עקאבת ג'בר מחנה פליטים", "קליה", "רימונים"], "בקעת בית שאן 128": ["אזור תעשיות צבאים", "אחוזת שושנה", "ביכורה", "בית אלפא", "בית השיטה", "בית יוסף", "בית שאן", "גשר", "חוות דושן", "חוות עדן", "חוות שפעה", "חמדיה", "חפצי בה", "טירת צבי", "ירדנה", "כפר רופין", "מולדת", "מירב", "מלכישוע", "מסילות", "מעוז חיים", "מעלה גלבוע", "מפעלי שאן", "נווה אור", "נווה איתן", "ניר דוד", "עין הנצי''ב", "רוויה", "רחוב", "רשפים", "שדה אליהו", "שדה נחום", "שדי תרומות", "שלוחות", "תל תאומים"], "גולן 1": ["אודם", "אל רום", "בוקעתא", "מג'דל שמס", "מסעדה", "נווה אטי''ב", "נמרוד", "עין קנייא"], "גולן 2": ["אבני איתן", "אזור תעשייה בני יהודה", "אלי עד", "אפיק", "בני יהודה", "גבעת יואב", "גשור", "חמת גדר", "חספין", "כפר חרוב", "מבוא חמה", "מיצר", "נאות גולן", "נוב", "נטור", "רמת מגשימים"], "גולן 3": ["אורטל", "אלוני הבשן", "יונתן", "מרום גולן", "עין זיוון", "קשת"], "גליל עליון 35": ["לוחמי הגיטאות", "מזרעה", "רגבה"], "גליל עליון 37": ["בוסתן הגליל", "בית העמק", "ג'דידה מכר", "כפר מסריק", "נס עמים", "נתיב השיירה", "עין המפרץ", "עכו", "שייח' דנון", "שמרת"], "גליל עליון 38": ["אשרת", "ג'וליס", "גיתה", "טל אל", "ירכא", "כליל", "כפר יאסיף", "לפידות", "עמקה"], "גליל עליון 40": ["כישור", "פלך", "תובל"], "גליל עליון 41": ["יאנוח ג'ת", "כיסרא סומיע", "מגדל תפן"], "גליל עליון 42": ["ביענה", "גילון", "דייר אל אסד", "כרמיאל", "לבון", "מג'ד אל כרום", "נחף", "סאג'ור", "עין אל אסד", "צורית", "קובסי", "ראמה", "שגור", "שזור"], "גליל עליון 43": ["בית ג'ן", "חלוץ", "חרשים"], "גליל עליון 44": ["אור הגנוז", "אמירים", "בר יוחאי", "חמדת ימים", "כפר שמאי", "מירון", "מרכז אזורי מרום הגליל", "עין כמונים", "פרוד", "קדיתא", "שפר"], "גליל עליון 46": ["ספסופה"], "גליל עליון 47": ["איילת השחר", "גדות", "חולתה", "יסוד המעלה", "משמר הירדן", "עמוקה", "שדה אליעזר"], "גליל עליון 49": ["ביריה", "צפת"], "גליל עליון 50": ["אליפלט", "אלמגור", "אמנון", "ורד הגליל", "חצור הגלילית", "טובא זנגריה", "כורזים", "כפר הנשיא", "כפר נחום", "כרי דשא", "כרכום", "מחניים", "עמיעד", "ראש פינה"], "גליל תחתון 55  ": ["ארבל", "גינוסר", "חוקוק", "חמאם", "כחל", "כפר זיתים", "כפר חיטים", "לבנים", "מגדל", "רביד"], "גליל תחתון 56  ": ["טבריה", "מצפה"], "גליל תחתון 57": ["בועיינה נוג'יידאת", "טפחות", "כלנית", "כפר חנניה", "מגאר", "מסד", "מצפה נטופה", "עיילבון", "עינבר", "קדרים"], "גליל תחתון 60": ["אבטליון", "אשבל", "אשחר", "דייר חנא", "הררית", "חוג'ייראת", "חוסנייה", "חזון", "יחד", "כמאנה", "כמון", "לוטם", "מורן", "מכמנים", "סח'נין", "סלמה", "עראבה", "ערב אזונר", "צביה", "ראס אל עין", "תרדיון"], "גליל תחתון 61": ["בית רימון", "עוזייר", "רומאנה", "רומת היב"], "גליל תחתון 63  ": ["אבו דיאב", "אום א סח'אלי", "אחיהוד", "אלון הגליל", "אעבלין", "אתגר", "ביר אל מכסור", "דמיידה", "הרדוף", "ח'ואלד", "חנתון", "טמרה", "יבור", "יובלים", "יודפת", "יסעור", "יעד", "כאבול", "כאוכב אבו אל היגא", "כפר מנדא", "מורשת", "מנוף", "מצפה אבי''ב", "מרכז אזורי מישגב", "נופית", "סואעד", "עדי", "עצמון שגב", "ערב אל גנאדי", "ערב אל נעים", "ערב אל סגיראת", "ערב אל סמניה", "קורנית", "ראס עלי", "רקפת", "שורשים", "שכניה", "שעב", "שפרעם"], "דן 155": ["גליל ים", "הכפר הירוק", "הרצליה", "כפר שמריהו", "רמת השרון"], "דן 157": ["תל אביב יפו"], "דן 160": ["בני ברק", "גבעת שמואל", "גבעתיים", "חוות שלם", "פתח תקווה", "רמת גן"], "דן 161": ["אור יהודה", "גני תקווה", "יהוד מונוסון", "כפר אז''ר", "מעש", "נווה אפעל", "סביון", "קרית אונו", "רמת אפעל"], "דן 162": ["אזור", "בת ים", "חולון", "מקווה ישראל"], "הקריות 70": ["אזור תעשייה נעמן", "כפר ביאליק", "קרית ביאליק", "קרית חיים", "קרית ים", "קרית מוצקין", "קרית שמואל"], "הקריות 71": ["אבטין", "אושה", "אל ח'וואלד מערב", "אפק", "יגור", "כפר המכבי", "כפר הנוער הדתי", "כפר חסידים א'", "כפר חסידים ב'", "סרכיס", "קרית אתא", "רומיחאת", "רכסים", "רמת יוחנן"], "חיפה 75": ["החותרים", "חיפה", "טירת כרמל", "כפר גלים"], "חיפה 78": ["נמל חיפה"], "יהודה 188": ["א דיר במערב הר חברון", "אום עלאס", "אל קילא", "בית אולא", "ח'ראס", "נובא", "תלם", "תרקומיא"], "יהודה 200": ["א דיר במזרח הר חברון", "אבו נוג'ים", "אום א טלע", "אום סלמונה", "אום עסלה", "אל ח'דר", "אספר", "אספר", "ארטאס", "בד פלוח", "בווידיעה", "ביאדה בהר חברון", "בית רחאל", "בית תעמר", "ברד'עה", "ג'וב א רום", "ג'והזם", "ג'ורת א שמעה", "ד'הר חלת אל ג'אמיע", "דהיישה מחנה פליטים", "ואדי אל עראיס", "זעתרה", "ח'רזאן", "חוג'ילה", "חרמלה", "כפר אלדד", "מיניה", "מעלה עמוס", "מעסרה", "מצד שמעון", "מראח רבאח", "נוקדים", "עבדאללה איברהים", "עובידייה", "עילת עלי", "ערב א שמעה", "ראס סניסיל", "רפידא", "תוקוע", "תעמרה", "תקוע"], "יהודה 206": ["א שויוח", "אל ערוב", "אלון שבות", "אלון שבות", "אלעזר", "אפרתה", "בית אומר", "בית כאחיל", "בית סכריא", "בית פג'אר", "ביתר עילית", "בת עין", "בתיר", "ג'אלא", "ג'בעה", "הר גילה", "ואדי פוכין", "ח'ירבת ספא", "חוסאן", "חלחול", "חסכה", "כוויזבא", "כפר עציון", "כרמי צור", "מגדל עוז", "מועסכר אל ערוב", "מראח אל בקר", "נווה דניאל", "נחאלין", "סוריף", "סיעיר", "עבדאללה איברהים", "ראש צורים"], "יהודה 207": ["א דיראת", "א טבקה", "א טוואני", "א ריחייה", "אדורה", "אימריש", "אל הג'רה", "אל חדב", "אל מאג'ור", "אל מראג'ם", "אל עלקה אל פוקא", "אל פוואר", "אל קוסור", "אפיניש", "בית עינון", "בית עמרה", "בני נעים", "ג'רון א לוז", "דהרייה", "דומא במרכז שומרון", "דורא", "דיר סאמת", "דיר ראזח", "הר עמשא", "ואדיח", "זיף", "ח'ירבת זיתא", "ח'ירבת כרמה", "ח'רסה", "ח'שם אל כרם", "חברון", "חגי", "טנא", "יטא יוטה", "כעאבנה", "כרזה", "כרמיל", "כרמל", "לב יתיר", "מג'ד", "מעון", "מעין", "מצדות יהודה", "נגוהות", "סובא", "סוסיה", "סימיא", "סמוע", "עבדה", "עווד", "עוזיז", "ענאב אל כביר", "עתניאל", "פוקיקיס", "פני חבר", "קוואעין", "קילקיס", "קרית ארבע", "ראבוד", "ראפאת ליד סמוע", "רוג'ם אום ח'יר", "רוקעה", "שוויכה בהר חברון", "שייח' אחמד אל עבד", "שמעה", "שני ליבנה", "תפוח", "תראמה"], "ים המלח 207 ": ["ים המלח בתי מלון", "מצדה", "נווה זוהר", "עין בוקק", "עין גדי"], "ים המלח 210": ["אבנת", "מצוקי דרגות", "מצפה שלם"], "ירושלים 194": ["א זעיים", "אבו דיס", "אל ולג'ה", "ביר נבאלה", "בית איכסא", "בית חנינא", "דיר כרמיזן", "חיזמא", "ירושלים", "ירושלים", "ענאתא", "רמת רחל"], "כרמל 80": ["נשר"], "כרמל 81": ["בית צבי", "גבע כרמל", "ימין אורד", "מגדים", "נווה ים", "ניר עציון", "עין הוד", "עין חוד", "עין כרמל", "עתלית"], "כרמל 82": ["בית אורן", "גבעת וולפסון", "דאלית אל כרמל", "עספיא"], "מנשה 102": ["בת שלמה", "דור", "הבונים", "זכרון יעקב", "כרם מהר''ל", "מאיר שפיה", "מעיין צבי", "מרכז מיר''ב", "נחשולים", "עופר", "עין איילה", "פוריידיס", "צרופה"], "מנשה 103": ["אליקים", "ג'ועארה", "גלעד", "דליה", "הזורע", "יוקנעם", "יוקנעם עילית", "מגידו", "מדרך עוז", "משמר העמק", "עין העמק", "עין השופט", "רמות מנשה", "רמת השופט"], "מנשה 104": ["אביאל", "אלוני יצחק", "בית חנניה", "בנימינה גבעת עדה", "ג'סר א זרקא", "גבעת ניל''י", "כפר גליקסון", "מעגן מיכאל", "עמיקם", "רגבים"], "מנשה 105": ["אור עקיבא", "קיסריה", "שדות ים"], "מנשה 106": ["גן השומרון", "כפר פינס", "משמרות", "נווה אבות", "עין עירון", "עין שמר", "פרדס חנה כרכור"], "מנשה 107": ["חדרה"], "מנשה 108": ["גבעת חביבה", "גן שמואל", "מאור", "מענית", "שדה יצחק", "שער מנשה", "תלמי אלעזר"], "מעלה אדומים 200": ["ג'האלין", "מעלה אדומים", "עיזרייה", "קדר"], "נגב 287": ["אבו ג'אבר", "אבו טראש", "אבו כף אום בטין", "אבו סריחאן", "אבו עבדון", "אבו עמרה", "אבו עסא", "אבו רוקייק", "אל אסד", "לקיה", "עומר", "תל שבע"], "נגב 296": ["א נבארי", "א סייד ", "אבו ג'אבר דרומית ממיתר", "אל עטאונה", "אעצם", "חורה", "כרמים", "כרמית", "מולדה", "מיתר", "סנסנה", "עוקבי"], "נגב 297": ["אבו קוידר אל עפאוי דרומית לנבטים", "אבו תלול", "אל חמידי", "אל עת'אמין", "ביר אבו אל חמאם", "נבטים", "שגב שלום"], "נגב 299": ["א דהאבשה", "אבו ג'ודה", "אבו ג'ווייעד", "אבו קרינאת", "אבו קרינאת מערבית לכסיפה", "אבו רביעה", "אבו רביעה צפונית לכסיפה", "אל ג'וויני", "אל ג'נאמי", "אל עביד", "אל קורעאן ב", "אל קרישי", "אל קרעאן", "אל קרעאן דרומית לערד", "אל קשכר", "ג'נאביב", "דריג'את", "זבארגה", "כוחלה", "כסיפה", "מכחול", "נצאצרה", "ערד", "ערערה בנגב", "קבועה", "קודייראת א צאנה", "קשכר נבארי"], "נגב 300": ["א דנפירי", "אבו עפאש", "אל ג'רג'אווי", "אל ולידי", "אל כלאב", "עזאזמה", "עזאזמה דרומית לרמת חובב", "עזאזמה דרומית לשגב שלום", "עזאזמה מזרחית לרמת חובב", "רמת חובב", "תראבין א צאנה שבט"], "נגב 301": ["אורון", "אל מחד'י צפונית לדימונה", "אל ע'ול צפונית לדימונה", "אל עמראני דרום מערב לדימונה", "דימונה", "הוואשלה", "ירוחם", "קסר א סיר", "קרנב אבו סלב", "רח'מה"], "נגב 302": ["אשלים", "באר מילכה", "ביר הדאג'", "טללים", "כמהין", "מעלה שביט", "משאבי שדה", "ניצנה כפר נוער", "ניצני סיני", "עזוז", "קציעות", "ראם תשלובת חקלאית", "רביבים", "רוח במדבר", "רתמים", "שיבטה"], "נגב 305": ["מדרשת בן גוריון", "מצפה רמון", "מרחב עם", "שדה בוקר", "שלווה במדבר"], "עוטף עזה 217": ["זיקים", "כרמיה"], "עוטף עזה 218": ["יד מרדכי", "נתיב העשרה"], "עוטף עזה 219": ["אור הנר", "ארז"], "עוטף עזה 220": ["איבים", "גבים", "מכללת ספיר", "ניר עם", "שדרות"], "עוטף עזה 221": ["מפלסים"], "עוטף עזה 222": ["יכיני"], "עוטף עזה 223": ["כפר עזה", "סעד"], "עוטף עזה 224": ["נחל עוז", "עלומים"], "עוטף עזה 225": ["זמרת", "חוות יזרעם", "כפר מימון", "שובה", "שוקדה", "תושיה", "תקומה"], "עוטף עזה 227": ["בארי"], "עוטף עזה 228": ["רעים"], "עוטף עזה 230": ["כיסופים"], "עוטף עזה 231": ["נירים", "עין השלושה"], "עוטף עזה 232": ["ניר עוז"], "עוטף עזה 233": ["מגן", "מועצה אזורית אשכול", "מפעלי מעון", "עין הבשור"], "עוטף עזה 234": ["ישע", "מבטחים", "עמיעוז"], "עוטף עזה 236": ["חולית", "ניר יצחק", "סופה"], "עוטף עזה 237": ["כרם שלום"], "עוטף עזה 238": ["אבשלום", "דקל", "יבול", "יתד", "פרי גן", "שדי אברהם", "תלמי יוסף"], "עוטף עזה 251": ["גברעם"], "עירון 112": ["אום אל קוטוף", "אל מועלקה", "אל עריאן", "ברקאי", "ד'הר אל עבד", "דאר אל חנון", "ח'ירבת אל עכאבה", "כפר קרע", "מנסורה", "מצפה אילן", "ערערה", "קציר חריש", "ריחן"], "עירון 113": ["אום אל פחם", "בסמ''ה", "גבעת עוז", "ח'ירבת מועאוויה", "מי עמי", "מעלה עירון"], "עמק חפר 137": ["אליכין", "אלישיב", "בית חזון", "גבעת חיים איחוד", "גבעת חיים מאוחד", "חגלה", "חיבת ציון", "חרב לאת", "כפר הרא''ה", "עין החורש"], "עמק חפר 139": ["אייל", "אילנות", "בית ברל", "בני דרור", "גאולים", "חרות", "טייבה", "טירה", "יעף", "כוכב יאיר", "כפר הס", "כפר יעבץ", "כפר עבודה", "משמרת", "ניר אליהו", "עזריאל", "עין ורד", "עין שריד", "פורת", "פרדסיה", "צור יגאל", "צור יצחק", "צור משה", "צור נתן", "קדימה צורן", "קלנסווה", "רמת הכובש", "שדה ורבורג", "שער אפרים", "תל מונד"], "עמק חפר 149": ["אומץ", "אחיטוב", "באקה אל ע'רביה", "באקה ג'ת", "בחן", "ג'ת", "המעפיל", "זיתא ליד באקה אל ע'רביה", "זמר", "להבות חביבה", "מגל", "מייסר", "מצר", "נזלת עיסא"], "עמק חפר 150": ["בארותיים", "בורגתה", "בית הלוי", "בת חפר", "גן יאשיה", "העוגן", "חניאל", "יד חנה", "ינוב", "כפר יונה", "כפר מונש", "ניצני עוז", "עולש", "תנובות"], "עמק יזרעאל 86": ["אורנים", "אלונים", "בית זיד", "בסמת טבעון", "כפר תקווה", "קרית טבעון", "שער העמקים"], "עמק יזרעאל 87": ["אלוני אבא", "בית לחם הגלילית", "בית שערים", "גבעת אלה", "גבת", "גיניגר", "יפעת", "כעביה טבאש חג'אג'רה", "כפר יהושע", "מגדל העמק", "מנשית זבדה", "נהלל", "נווה יער", "עילוט", "ערב אל עיסאת", "רמת דוד", "רמת ישי", "שדה יעקב", "שמשית", "שריד", "תמרת"], "עמק יזרעאל 89": ["היוגב", "כפר ברוך"], "עמק יזרעאל 90": ["אחוזת ברק", "דברת", "דחי", "טמרה יזרעאל", "מפעלי גלבוע", "מרחביה מושב", "מרחביה קיבוץ", "נאעורה", "נורית", "נין", "סולם שונם", "עין חרוד איחוד", "עין חרוד מאוחד", "עפולה"], "עמק יזרעאל 93": ["אביטל", "אדירים", "אומן", "ברק", "גבע", "גדיש", "גדעונה", "גן נר", "דבורה", "חבר", "טייבה ליד מולדת", "יזרעאל", "יעל", "כפר יחזקאל", "מגן שאול", "מוקייבלה", "מיטב", "מלאה", "ניר יפה", "פרזון", "צנדלה", "רם און", "רמת צבי", "תל יוסף"], "ערבה 308": ["שיטים"], "ערבה 310": ["אליפז", "באר אורה", "גרופית", "חצבה", "יהל", "יטבתה", "לוטן", "נאות הכיכר", "נאות סמדר", "נווה חריף", "סמר", "ספיר", "עידן", "עין חצבה", "עין יהב", "עין תמר", "עיר אובות", "פארן", "צופר", "צוקים", "קטורה", "שחרות"], "קו העימות 14": ["בצת", "כפר ראש הנקרה", "לימן", "מצובה", "שלומי"], "קו העימות 15": ["א נוואקיר", "אדמית", "אידמית", "אילון", "ג'ורדיח", "גורן", "גורנות הגליל", "חניתה", "יערה", "עראמשה"], "קו העימות 16": ["אבן מנחם", "זרעית", "שומרה", "שתולה"], "קו העימות 17": ["אבירים", "אלקוש", "נטועה", "פסוטה"], "קו העימות 19": ["דוב''ב", "מתת", "סאסא"], "קו העימות 20": ["חורפיש", "פקיעין", "פקיעין חדשה", "צבעון", "צוריאל"], "קו העימות 22": ["אביבים", "ברעם", "יראון"], "קו העימות 23": ["ג'יש", "דלתון", "כרם בן זמרה", "עלמה", "ריחאנייה"], "קו העימות 24": ["דישון", "יפתח", "מלכיה", "מרכז כ''ח", "רמות נפתלי"], "קו העימות 25": ["גונן", "כפר בלום", "כפר סאלד", "להבות הבשן", "נאות מרדכי", "עמיר", "שדה נחמיה", "שמיר"], "קו העימות 26": ["בית הלל", "יובל", "כפר גלעדי", "מטולה", "מנרה", "מעיין ברוך", "מרגליות", "משגב עם", "קרית שמונה", "תל חי"], "קו העימות 28": ["דן", "דפנה", "הגושרים", "ע'ג'ר", "שאר ישוב", "שניר"], "קו העימות 29": ["גשר הזיו", "נהריה", "סער", "עברון", "שבי ציון"], "קו העימות 30": ["בן עמי", "כברי"], "קו העימות 31": ["געתון", "יחיעם", "מנות", "נווה זיו", "עבדון", "עין יעקב"], "קו העימות 32": ["הילה", "חוסן", "כפר ורדים", "מעונה", "מעיליא", "מעלות תרשיחא"], "קצרין 10": ["האון", "מסדה", "מעגן", "עין גב", "רמות", "שער הגולן", "תל קציר"], "קצרין 7": ["א סלבה", "אניעם", "חד נס", "כנף", "מעלה גמלא", "קדמת צבי", "קלע", "קצרין", "שעל"], "שומרון 118": ["אום א ריחאן", "אום דאר", "בורקין", "האשימיה", "זובובא", "זיבדה", "ח'ירבת א טורם", "ח'ירבת א טייבה", "חיננית", "חרמש", "טורה על ע'רביה", "יאמון", "יעבד", "כופיראת", "כפר דאן", "כפר קוד", "מבוא דותן", "מנשיה", "נזלה א שרקיה", "נזלת זיד", "סילת אל ח'רית'יה", "עאנין", "עראבה ליד ג'נין", "ערקה", "פיראסין", "קפין", "רומאנה ממזרח לאום אל פחם", "שקד", "תיעניכ", "תעשיון שח''ק"], "שומרון 119": ["א שהאדה", "אום א תות", "איג'ניסיניא", "איכתאבא", "אירתאח", "אל ג'ארושיה", "אל מוטילה", "אל מוע'ייר", "אקרע", "באקה א שרקיה", "בורקה ליד שכם", "בזאריה", "בית אומרין", "בית קאד", "בלעא", "ג'בע", "ג'ודידה", "ג'לבון", "ג'למה", "ג'לקמוס", "ג'נין", "ג'רבה", "דיר אבו דעיף", "דיר אל ע'וסון", "דיר ע'זאלה", "דנאבה", "ואדי א דבע", "זאוויה בצפון שומרון", "זבאבידה", "ח'ירבת אל עקרבאניה", "ח'ירבת בית חסן", "טובאס", "טול כרם", "טלוזה", "טמון", "יאסיד", "כופיר", "כפר א לבד", "כפר ראעי", "כפר רומאן", "כשדה", "מוח'יים פארעה", "מירכה", "מית'לון", "מסיליה", "משרוע בית קאד", "נור א שמס", "נזלה אל ווסטא", "נזלה אל ע'רביה", "נזלת אבו נאר", "ניסף ג'וביל", "סאנור", "סידא", "סילת א דהר", "סיר", "סיריס", "עאבה", "עג'ה", "עטארה", "עילאר", "עין אל בידא", "ענבתא", "ענזה", "עסירה א שמאליה", "עקבה בשומרון", "עקבת תיאסיר", "עראנה", "ערבונה", "עתיל", "פחמה", "פנדקומיה", "פקועה", "קבאטיה", "ראבא", "רמה", "שוויכה", "תיאסיר", "תלפית", "תנין"], "שומרון 120": ["א ראס", "אבני חפץ", "אודלה", "אימאתין", "איתמר", "אל פונדוק", "אלון מורה", "באקה", "בורין", "בית א אל פוקא", "בית איבא", "בית דג'ן", "בית וזן", "בית ליד", "בית פוריכ", "ביתא א תחתא", "בלאטה", "ברכה", "ג'וניד", "ג'יוס", "ג'ית", "ג'מאעין", "גבעת סנה יעקב", "דיר אל חטב", "דיר שרף", "הר גריזים", "זוואתא", "זיתא", "ח'וארה", "ח'ירבת סיר", "חג'ה", "חוות גלעד", "יאנון", "יצהר", "כור", "כפר ג'מאל", "כפר זיבאד", "כפר סור", "כפר עבוש", "כפר קדום", "כפר קליל", "מג'דל", "מדמא", "נאקורה", "סאלם", "סבסטיה", "סלעית", "ספארין", "סרה", "עוורתא", "עוסארין", "עוריף", "עזמוט", "עין יאנון", "עינאבוס", "עיראק בורין", "ענב", "עסירה אל קיבליה", "עסכר", "עקרבה", "פלאמה", "פרעון", "פרעתה", "קדומים", "קוזה", "קוסין", "ראמין", "רוג'ייב", "רפידיה", "שבי שומרון", "שופה", "שכם", "תל"], "שומרון 121": ["א שייח' אחמד", "אבו סלמאן", "אל מודוור", "אלפי מנשה", "אלקנה", "בידיה", "בית אמין", "ג'ינסאפוט", "דיר איסתיא", "ח'ירבת א נבי אליאס", "ח'ירבת אל אשקר", "ח'ירבת עסלה", "ח'ירבת ראס א טירה", "ח'ירבת ראס עטיה", "יקיר", "כפר לאקף", "כפר ת'ולת", "מסחה", "מעלה שומרון", "נופים", "סניריא", "סרטא", "עזון", "עזון עתמה", "עמנואל", "עץ אפרים", "צופין", "קלקיליה", "קראות בני חסן", "קרני שומרון", "שערי תקווה"], "שומרון 122": ["אריאל", "ברקן", "חארס", "כיפל חארת", "מרדה", "סלפית", "עין אל מטווי", "פרח'ה", "קירה", "קרית נטפים", "רבבה"], "שומרון 123": ["א לובאן", "בית אריה", "ברוכין", "דיר בלוט", "זאוויה", "עופרים", "עלי זהב", "פדואל", "ראפאת ליד פדואל", "רנתיס"], "שומרון 124": ["אום ספא", "איסכאכא", "בורהאם", "בורוקין", "בית רימא", "ג'יביא", "ג'ילג'יליא", "דיר א סודאן", "דיר אבו משעל", "דיר ניזאם", "דיר ע'סאנה", "ח'ירבת קיס", "חלמיש", "יאסוף", "כובר", "כפר א דיכ", "כפר עין", "כפר תפוח", "לובאן שרקיה", "מזאריע א נובאני", "מעלה לבונה", "נבי סאלח", "סאוויה", "סינג'יל", "עאבוד", "עבווין", "עג'ול", "עטארה ליד ביר זית", "עטרת", "עמוריה", "ערורה", "קראות בני זיד"], "שומרון 125": ["אזור תעשייה שער בנימין", "ג'אלוד", "ג'וריש", "דיר ג'ריר", "דיר דיבוואן", "ח'ירבת אבו פלאח", "טייבה ליד עפרה", "יתמא", "כפר מאליכ", "מגדלים", "מוח'מאס", "מזרעה א שרקיה", "סילואד", "עלי", "עפרה", "קבלאן", "קוסרה", "קריות", "רחלים", "רמון", "שבות רחל", "שילה", "תורמוס עייא", "תלפית במרכז השומרון"], "שומרון 126": ["א ראם", "אבו קש", "אבו שח'ידם", "אל בירה", "בורקה", "בילעין", "ביר זית", "בית איענאן", "בית אל", "בית דוקו", "בית חורון", "בית ליקיא", "בית סירא", "בית ע'ור א תחתא", "בית ע'ור אל פוקא", "ביתוניא", "ביתילו", "ביתין", "ג'אניה", "ג'בע מצפון לירושלים", "ג'לזון", "ג'מאלא", "ג'פנא", "גבעת אסף", "דולב", "דורא אל קריע", "דיר איבזיע", "דיר עמאר", "דיר קדיס", "ח'ירבת א טירה", "ח'ירבת אל מיסבאח", "ח'ירבתא", "טירה ליד בית חורון", "טלמון", "יברוד", "כוכב יעקב", "כפר ניעמה", "כפר עקב", "מזרעה אל קיבליה", "נחליאל", "ניל''י", "נעלה", "סורדה", "ספא", "עין איוב", "עין יברוד", "עין סיניא", "עין עריכ", "עין קיניא", "פסגות", "קיביא", "קלנדיה", "ראס כרכר", "ראפאת ליד גבעת זאב", "רמאללה", "שבתין", "שוקבא"], "שומרון 127": ["בית איג'זא", "ג'ודירה", "ג'יב", "גבעון החדשה", "גבעת זאב", "נבי סמואל"], "שפלה 168": ["גבעת השלושה", "גת רימון", "כפר סירקין", "פתח תקווה", "תעשיון השרון"], "שפלה 169": ["אלעד", "בארות יצחק", "בני עטרות", "גבעת כ''ח", "מגשימים", "מזור", "נופך", "נחלים", "נחשונים", "רינתיה"], "שפלה 170": ["עינת", "ראש העין"], "שפלה 171": ["מחנה נחשונים"], "שפלה 172": ["נמל תעופה בן גוריון"], "שפלה 173": ["בית נחמיה", "בית עריף", "ברקת", "חדיד", "טירת יהודה", "מרכז שוהם", "שוהם"], "שפלה 174": ["אחיעזר", "בית דגן", "גנות", "זיתן", "חמד", "יגל", "כפר חב''ד", "כפר טרומן", "משמר השבעה", "צפריה"], "שפלה 175": ["גן שורק", "נטעים", "פלמחים", "ראשון לציון"], "שפלה 178": ["באר יעקב", "ישרש", "מצליח", "צריפין", "רמלה"], "שפלה 179": ["אחיסמך", "בן שמן", "בן שמן כפר נוער", "גינתון", "כרם בן שמן", "לוד", "ניר צבי"], "שפלה 181": ["בודרוס", "גמזו", "חשמונאים", "כפר דניאל", "כפר הארנים", "כפר רות", "לפיד", "מבוא חורון", "מבוא מודיעים", "מודיעין מכבים רעות", "מודיעין עילית", "מידיה", "מתתיהו", "נוף איילון", "ניעלין", "שילת", "שעלבים"], "שפלה 182": ["אירוס", "גבעת ברנר", "גיבתון", "גן שלמה", "נצר סרני", "רחובות"], "שפלה 183": ["בית חנן", "בית עובד", "נס ציונה", "עיינות"], "שפלה 184": ["בית חשמונאי", "בית עוזיאל", "גזר", "גני הדר", "גני יוחנן", "חולדה", "יד רמב''ם", "יסודות", "יציץ", "כפר ביל''ו", "כפר בן נון", "כפר שמואל", "כרמי יוסף", "מזכרת בתיה", "מרכז קניות ביל''ו", "משמר איילון", "משמר דוד", "נען", "נצר חזני", "סתריה", "עזריה", "פדיה", "פתחיה", "קרית עקרון", "רמות מאיר"], "שרון 137": ["בית חרות", "בית ינאי", "גאולי תימן", "חופית", "כפר ויתקין", "מבואות ים", "מכמורת", "נעורים"], "שרון 138": ["אביחיל", "בית יצחק שער חפר", "ביתן אהרן", "בת חן", "גבעת שפירא", "גנות הדר", "הדר עם", "חבצלת השרון", "כפר חיים", "כפר ידידיה", "מעברות", "משמר השרון", "נורדיה", "נתניה", "צוקי ים", "שושנת העמקים"], "שרון 140": ["גבעת ח''ן", "רעננה", "רשפון"], "שרון 141": ["גן חיים", "כפר סבא", "נווה ימין", "צופית"], "שרון 142": ["אבן יהודה", "אודים", "ארסוף", "בית יהושע", "בני ציון", "בצרה", "געש", "ורדים מוסד חינוכי", "חרוצים", "יקום", "כפר נטר", "קרית שלמה", "שפיים", "תל יצחק"], "שרון 143": ["אורנית", "אלישמע", "ג'לג'וליה", "גני עם", "הוד השרון", "חבלה", "חגור", "חורשים", "ירחיב", "ירקונה", "כפר ברא", "כפר מל''ל", "כפר קאסם", "מתן", "נווה ירק", "נירית", "עדנים", "רמות השבים", "שדי חמד"], "תבור 95": ["אכסאל", "בלפוריה", "הושעיה", "הסוללים", "יפיע", "כפר גדעון", "כפר החורש", "כפר כנא", "מזרע", "משהד", "נצרת", "נצרת עילית", "עין מאהל", "ערב אל פמאז", "ציפורי", "ריינה", "תל עדשים"], "תבור 96": ["אילניה", "בית קשת", "גזית", "דבוריה", "טורעאן", "כדורי", "כפר מיסר", "כפר קיש", "כפר תבור", "עין דור", "שבלי", "שדמות דבורה", "שעורים"], "תבור 98": ["אוהלו", "אלומות", "אפיקים", "אשדות יעקב איחוד", "אשדות יעקב מאוחד", "בית זרע", "בית ירח", "גבעת אבני", "דגניה א'", "דגניה ב'", "הודיות ", "הזורעים", "יבנאל", "כינרת מושבה", "כינרת קבוצה", "כפר כמא", "כפר נהר הירדן", "לביא", "מנחמיה", "פוריה כפר עבודה", "פוריה נווה עובד", "פוריה עילית", "שדה אילן", "שרונה"]}