<?xml version="1.0" encoding="UTF-8" standalone="yes"?>
<addon id="script.service.redalert" name="Israel Red Alerts" version="1.1.1" provider-name="ShaLi">
  <requires>
    <import addon="xbmc.python" version="2.1.0"/>
  </requires>
  <extension point="xbmc.service" library="main.py" start="login"></extension>
  <extension point="xbmc.addon.metadata">
    <summary lang="en">Red Aletrs notifications in Israel</summary>
    <description lang="en">
        This plugin polls the oref.gov.il server and gets notifications on Red Alerts in real time.
        This plugin is not official in any way. Please be alerted for notifications from official channels.
    </description>
    <platform>all</platform>
    <website></website>
    <source>https://github.com/shali3/xbmc.service.il.redalert</source>
    <forum>http://forum.xbmc.org/</forum>
  </extension>
</addon>
